,Unnamed: 0,FFMC,DMC,DC,ISI,temp,RH,wind,rain,class
0,274,80.8,3.4,24.0,2.8,29.0,75.0,16.0,0.0,1.0
1,70,92.5,121.1,674.4,8.6,18.2,46.0,1.8,0.0,1.0
2,598,91.2,48.3,97.8,12.5,11.7,33.0,4.0,0.0,1.0
3,621,93.8,23.0,42.7,15.7,38.0,35.0,15.0,0.0,1.0
4,501,82.5,6.6,26.1,3.0,30.0,88.0,14.0,0.0,1.0
5,535,90.9,126.5,686.5,7.0,17.7,39.0,2.2,0.0,1.0
6,277,88.7,16.0,50.2,6.9,32.0,51.0,13.0,0.0,1.0
7,572,92.5,122.0,789.7,10.2,15.9,55.0,3.6,0.0,0.0
8,130,47.4,2.9,7.7,0.3,26.0,80.0,16.0,1.8,0.0
9,243,79.9,4.5,16.0,2.5,31.0,55.0,16.0,0.1,0.0
10,457,59.0,4.6,7.8,1.0,30.0,78.0,20.0,0.5,0.0
11,148,83.3,5.8,17.7,3.8,31.0,62.0,15.0,0.0,1.0
12,273,84.9,47.0,200.2,4.4,33.0,82.0,21.0,0.0,1.0
13,295,67.3,3.8,16.5,1.2,24.0,64.0,15.0,0.2,0.0
14,548,85.0,13.0,35.4,4.1,38.0,43.0,13.0,0.5,1.0
15,477,94.6,160.0,567.2,16.7,17.9,48.0,2.7,0.0,0.0
16,286,77.5,7.1,8.8,1.8,32.0,47.0,14.0,0.7,0.0
17,55,92.5,56.4,433.3,7.1,23.2,39.0,5.4,0.0,1.0
18,415,89.6,84.1,714.3,5.7,23.8,35.0,3.6,0.0,1.0
19,86,60.7,5.2,17.0,1.1,30.0,80.0,19.0,0.4,0.0
20,562,92.2,61.3,167.2,13.1,33.0,37.0,16.0,0.0,1.0
21,400,93.6,235.1,723.1,10.1,24.1,50.0,4.0,0.0,0.0
22,115,75.1,7.9,27.7,1.5,31.0,75.0,13.0,0.1,0.0
23,417,84.4,27.2,353.5,6.8,4.8,57.0,8.5,0.0,1.0
24,472,94.8,108.3,647.1,17.0,24.6,22.0,4.5,0.0,1.0
25,497,91.1,141.1,629.1,7.1,19.3,39.0,3.6,0.0,1.0
26,311,80.8,9.8,9.7,3.1,35.0,47.0,18.0,6.0,1.0
27,326,37.3,1.1,7.8,0.0,30.0,89.0,16.0,0.6,0.0
28,394,91.6,138.1,621.7,6.3,18.9,41.0,3.1,0.0,1.0
29,96,84.1,7.3,52.8,2.7,14.7,42.0,2.7,0.0,0.0
30,12,92.1,152.6,658.2,14.3,21.0,32.0,3.1,0.0,0.0
31,131,90.9,126.5,686.5,7.0,21.0,42.0,2.2,0.0,1.0
32,600,91.2,48.3,97.8,12.5,14.6,26.0,9.4,0.0,1.0
33,49,91.5,44.2,90.1,13.2,32.0,48.0,18.0,0.0,1.0
34,401,96.1,181.1,671.2,14.3,21.6,65.0,4.9,0.8,0.0
35,609,94.8,227.0,706.7,12.0,25.0,36.0,4.0,0.0,0.0
36,316,91.1,94.1,232.1,7.1,19.2,38.0,4.5,0.0,0.0
37,526,78.8,4.8,10.2,2.0,36.0,45.0,14.0,0.0,0.0
38,588,81.5,9.1,55.2,2.7,5.8,54.0,5.8,0.0,1.0
39,43,50.0,6.7,17.0,0.5,27.0,84.0,21.0,1.2,0.0
40,231,84.5,19.4,33.1,4.7,31.0,83.0,17.0,0.0,1.0
41,391,91.7,191.4,635.9,7.8,19.9,50.0,4.0,0.0,1.0
42,79,78.1,8.5,14.7,2.4,27.0,59.0,18.0,0.1,0.0
43,597,88.2,9.9,30.5,6.4,33.0,54.0,13.0,0.0,1.0
44,287,93.5,149.3,728.6,8.1,27.8,27.0,3.1,0.0,1.0
45,365,69.6,3.2,30.1,1.5,31.0,71.0,17.0,0.3,0.0
46,150,85.4,18.5,71.5,5.2,33.0,70.0,17.0,0.0,1.0
47,248,90.0,51.3,296.3,8.7,16.6,53.0,5.4,0.0,1.0
48,173,81.4,8.2,47.7,3.3,32.0,62.0,18.0,0.1,1.0
49,263,92.1,99.0,745.3,9.6,12.8,64.0,3.6,0.0,1.0
50,509,84.5,12.5,54.3,4.0,31.0,65.0,14.0,0.0,1.0
51,50,71.4,7.7,7.4,1.5,28.0,51.0,17.0,1.3,0.0
52,389,92.1,178.0,605.3,9.6,23.3,40.0,4.0,0.0,1.0
53,601,82.3,9.4,9.9,3.2,36.0,43.0,15.0,1.9,1.0
54,194,70.0,9.6,79.7,1.4,28.0,78.0,16.0,0.1,0.0
55,358,90.7,194.1,643.0,6.8,16.2,63.0,2.7,0.0,1.0
56,52,95.5,99.9,513.3,13.2,23.3,31.0,4.5,0.0,1.0
57,40,92.3,96.2,450.2,12.1,23.4,31.0,5.4,0.0,0.0
58,494,96.1,181.1,671.2,14.3,27.3,63.0,4.9,6.4,1.0
59,244,93.1,157.3,666.7,13.5,26.8,25.0,3.1,0.0,1.0
60,455,84.9,32.8,664.2,3.0,19.1,32.0,4.0,0.0,1.0
61,164,81.1,8.1,18.7,2.6,33.0,76.0,14.0,0.0,0.0
62,124,63.1,2.6,9.2,1.3,32.0,76.0,20.0,0.7,0.0
63,216,80.1,4.6,18.5,2.7,33.0,78.0,17.0,0.0,0.0
64,240,64.6,4.4,8.2,1.0,32.0,67.0,14.0,4.5,0.0
65,113,92.5,27.2,52.4,11.7,37.0,37.0,13.0,0.0,1.0
66,459,92.1,111.2,654.1,9.6,18.4,45.0,3.6,0.0,1.0
67,288,93.4,17.3,28.3,9.9,13.8,24.0,5.8,0.0,0.0
68,0,90.1,51.2,424.1,6.2,24.6,43.0,1.8,0.0,1.0
69,511,91.6,248.4,753.8,6.3,20.4,56.0,2.2,0.0,0.0
70,568,65.7,3.4,7.6,1.3,29.0,57.0,18.0,0.0,0.0
71,356,93.5,149.3,728.6,8.1,22.9,39.0,4.9,0.0,1.0
72,226,93.7,231.1,715.1,8.4,18.9,64.0,4.9,0.0,0.0
73,343,79.9,18.4,84.4,2.2,32.0,47.0,13.0,0.3,0.0
74,442,88.6,29.6,141.1,9.2,36.0,58.0,19.0,0.0,1.0
75,504,94.8,222.4,698.6,13.9,23.9,38.0,6.7,0.0,0.0
76,482,90.1,37.6,83.7,7.2,12.4,54.0,3.6,0.0,1.0
77,485,90.3,22.2,108.5,8.7,36.0,48.0,13.0,0.0,1.0
78,542,85.4,16.0,44.5,4.5,30.0,65.0,14.0,0.0,1.0
79,162,91.6,112.4,573.0,8.9,21.4,42.0,3.1,0.0,1.0
80,463,92.9,133.3,699.6,9.2,21.9,35.0,1.8,0.0,1.0
81,35,91.2,124.4,795.3,8.5,21.5,28.0,4.5,0.0,1.0
82,298,85.2,11.3,10.4,4.2,39.0,45.0,13.0,0.6,1.0
83,418,90.9,126.5,686.5,7.0,21.9,39.0,1.8,0.0,1.0
84,556,92.9,137.0,706.4,9.2,22.1,34.0,1.8,0.0,1.0
85,364,82.4,15.6,92.5,3.7,36.0,55.0,13.0,0.3,1.0
86,502,80.2,11.7,90.4,2.8,36.0,61.0,18.0,0.3,1.0
87,211,59.9,2.2,8.9,0.7,33.0,73.0,12.0,1.8,0.0
88,90,90.4,89.5,290.8,6.4,15.4,45.0,2.2,0.0,0.0
89,591,94.4,146.0,614.7,11.3,25.6,42.0,4.0,0.0,0.0
90,180,89.1,20.9,43.3,8.0,36.0,55.0,15.0,0.0,1.0
91,98,83.9,24.9,86.0,2.7,29.0,41.0,8.0,0.1,1.0
92,19,75.1,4.4,16.2,1.9,5.1,77.0,5.4,0.0,1.0
93,357,92.2,81.8,480.8,11.9,20.1,34.0,4.5,0.0,1.0
94,157,93.7,101.3,458.8,11.9,19.3,39.0,7.2,0.0,1.0
95,167,87.2,15.1,36.9,7.1,10.2,45.0,5.8,0.0,1.0
96,66,86.0,36.9,117.1,5.1,36.0,71.0,15.0,0.0,1.0
97,139,94.2,122.3,589.9,12.9,15.4,66.0,4.0,0.0,1.0
98,65,90.3,290.0,855.3,7.4,19.9,44.0,3.1,0.0,1.0
99,537,88.9,26.1,106.3,7.1,33.0,64.0,13.0,0.0,1.0
100,81,84.3,12.5,88.7,4.8,31.0,65.0,18.0,0.0,1.0
101,51,90.9,18.9,30.6,8.0,11.6,48.0,5.4,0.0,0.0
102,209,73.9,7.8,22.9,1.4,34.0,61.0,13.0,0.6,0.0
103,161,90.1,12.6,19.4,8.3,36.0,44.0,13.0,0.0,1.0
104,60,83.0,23.3,85.3,2.3,16.7,20.0,3.1,0.0,0.0
105,467,85.4,25.4,349.7,2.6,4.6,21.0,8.5,0.0,1.0
106,370,92.5,121.1,674.4,8.6,25.1,27.0,4.0,0.0,1.0
107,82,91.6,104.2,474.9,9.0,24.2,32.0,1.8,0.0,0.0
108,5,92.1,152.6,658.2,14.3,19.1,53.0,2.7,0.0,1.0
109,269,91.4,142.4,601.4,10.6,19.6,41.0,5.8,0.0,1.0
110,178,93.7,231.1,715.1,8.4,21.9,42.0,2.2,0.0,1.0
111,83,92.5,122.0,789.7,10.2,19.7,39.0,2.7,0.0,0.0
112,138,85.4,25.4,349.7,2.6,4.6,21.0,8.5,0.0,1.0
113,72,91.2,46.1,137.7,11.5,36.0,43.0,16.0,0.0,1.0
114,189,91.6,248.4,753.8,6.3,20.4,56.0,2.2,0.0,0.0
115,296,93.7,231.1,715.1,8.4,26.4,33.0,3.6,0.0,0.0
116,68,91.0,129.5,692.6,7.0,21.6,33.0,2.2,0.0,1.0
117,563,95.1,141.3,605.8,17.7,28.7,33.0,4.0,0.0,0.0
118,478,81.4,12.3,62.1,2.8,33.0,65.0,15.0,0.1,1.0
119,256,90.6,50.1,100.4,7.8,15.2,31.0,8.5,0.0,1.0
120,214,91.5,130.1,807.1,7.5,15.9,51.0,4.5,0.0,1.0
121,550,82.2,4.4,24.3,3.3,28.0,75.0,16.0,0.0,1.0
122,108,93.4,17.3,28.3,9.9,8.9,35.0,8.0,0.0,0.0
123,613,91.7,35.8,80.8,7.8,17.0,27.0,4.9,0.0,1.0
124,513,87.2,31.9,145.7,6.8,35.0,64.0,17.0,0.0,1.0
125,267,81.0,6.3,31.6,2.6,30.0,78.0,14.0,0.0,1.0
126,592,92.1,99.0,745.3,9.6,20.8,35.0,4.9,0.0,1.0
127,583,94.8,108.3,647.1,17.0,17.4,43.0,6.7,0.0,1.0
128,282,84.7,8.2,55.0,2.9,14.2,46.0,4.0,0.0,0.0
129,190,91.6,104.2,474.9,9.0,18.7,53.0,1.8,0.0,0.0
130,566,59.9,2.5,8.6,1.1,29.0,68.0,19.0,1.0,0.0
131,268,86.2,17.9,36.7,4.8,37.0,36.0,13.0,0.6,1.0
132,110,79.2,6.5,16.6,2.1,30.0,73.0,14.0,0.0,0.0
133,421,88.9,43.9,181.3,8.2,35.0,60.0,15.0,0.0,1.0
134,147,92.9,133.3,699.6,9.2,19.4,19.0,1.3,0.0,1.0
135,340,95.1,141.3,605.8,17.7,26.4,34.0,3.6,0.0,1.0
136,575,73.4,16.4,79.9,1.8,28.0,79.0,18.0,0.1,0.0
137,304,91.6,181.3,613.0,7.6,24.8,36.0,4.0,0.0,1.0
138,281,91.5,130.1,807.1,7.5,21.3,35.0,2.2,0.0,1.0
139,612,81.3,15.6,75.1,2.5,35.0,51.0,13.0,0.3,0.0
140,576,90.7,194.1,643.0,6.8,21.3,41.0,3.6,0.0,0.0
141,491,89.0,21.6,80.3,9.2,34.0,53.0,18.0,0.0,1.0
142,354,91.9,111.7,770.3,6.5,15.7,51.0,2.2,0.0,0.0
143,120,91.9,22.3,55.5,10.8,37.0,40.0,13.0,0.0,1.0
144,44,56.9,1.9,8.0,0.7,31.0,78.0,14.0,0.3,0.0
145,428,59.8,3.4,27.1,0.9,30.0,80.0,16.0,0.4,0.0
146,151,91.8,175.1,700.7,13.8,26.8,38.0,6.3,0.0,1.0
147,73,84.7,9.7,27.3,4.7,34.0,56.0,17.0,0.1,1.0
148,405,88.9,40.5,171.3,9.0,34.0,64.0,14.0,0.0,1.0
149,206,95.2,131.7,578.8,10.4,27.4,22.0,4.0,0.0,1.0
150,335,89.1,25.5,88.5,7.6,32.0,55.0,14.0,0.0,1.0
151,136,37.9,0.9,8.2,0.1,29.0,86.0,16.0,0.0,0.0
152,48,92.8,119.0,783.5,7.5,18.9,34.0,7.2,0.0,1.0
153,336,87.9,84.8,725.1,3.7,21.8,34.0,2.2,0.0,1.0
154,522,30.5,0.7,7.0,0.0,22.0,86.0,15.0,10.1,0.0
155,585,94.8,222.4,698.6,13.9,26.2,34.0,5.8,0.0,0.0
156,272,91.6,108.4,764.0,6.2,23.0,34.0,2.2,0.0,1.0
157,398,72.3,11.4,7.8,1.4,30.0,52.0,15.0,2.0,0.0
158,1,79.7,4.3,15.2,1.7,24.0,54.0,18.0,0.1,0.0
159,143,87.8,16.5,34.5,7.0,36.0,62.0,16.0,0.0,1.0
160,425,91.0,163.2,744.4,10.1,26.7,35.0,1.8,0.0,1.0
161,135,92.2,102.3,751.5,8.4,21.2,32.0,2.2,0.0,0.0
162,196,92.1,207.0,672.6,8.2,25.5,29.0,1.8,0.0,1.0
163,24,83.8,13.5,49.3,4.5,28.0,84.0,18.0,0.0,1.0
164,199,41.1,6.5,8.0,0.1,28.0,87.0,15.0,4.4,0.0
165,380,92.6,115.4,777.1,8.8,19.7,41.0,1.8,0.0,1.0
166,599,89.5,37.6,161.5,10.4,36.0,53.0,16.0,0.0,1.0
167,58,91.0,166.9,752.6,7.1,25.9,41.0,3.6,0.0,0.0
168,334,64.4,4.1,7.6,1.0,29.0,61.0,13.0,1.3,0.0
169,379,93.1,157.3,666.7,13.5,28.7,28.0,2.7,0.0,0.0
170,487,74.8,7.1,9.5,1.6,34.0,56.0,15.0,2.9,0.0
171,56,91.0,129.5,692.6,7.0,18.8,40.0,2.2,0.0,1.0
172,99,93.9,169.7,411.8,12.3,23.4,40.0,6.3,0.0,0.0
173,426,90.3,290.0,855.3,7.4,16.2,58.0,3.6,0.0,1.0
174,182,92.9,133.3,699.6,9.2,26.4,21.0,4.5,0.0,1.0
175,197,90.5,18.0,24.1,10.9,34.0,45.0,17.0,0.0,1.0
176,423,45.9,3.5,7.9,0.4,27.0,87.0,29.0,0.5,0.0
177,561,91.8,175.1,700.7,13.8,22.4,54.0,7.6,0.0,1.0
178,141,77.8,10.6,41.4,2.4,31.0,50.0,19.0,0.6,0.0
179,250,69.7,7.2,9.8,1.2,34.0,63.0,13.0,2.9,0.0
180,306,81.8,9.7,37.2,3.0,34.0,81.0,15.0,0.0,0.0
181,57,57.1,2.5,8.2,0.6,32.0,71.0,12.0,0.7,0.0
182,74,92.1,152.6,658.2,14.3,20.2,47.0,4.0,0.0,1.0
183,259,91.0,14.6,25.6,12.3,13.7,33.0,9.4,0.0,1.0
184,221,93.1,157.3,666.7,13.5,22.1,37.0,3.6,0.0,1.0
185,608,68.3,5.5,15.2,1.5,29.0,65.0,19.0,0.6,0.0
186,539,85.6,90.4,609.6,6.6,17.4,50.0,4.0,0.0,1.0
187,179,92.4,117.9,668.0,12.2,19.6,33.0,6.3,0.0,1.0
188,137,91.0,129.5,692.6,7.0,21.7,38.0,2.2,0.0,1.0
189,146,87.6,52.2,103.8,5.0,11.0,46.0,5.8,0.0,1.0
190,261,94.3,167.6,684.4,13.0,21.8,53.0,3.1,0.0,1.0
191,564,92.7,164.1,575.8,8.9,26.3,39.0,3.1,0.0,1.0
192,546,88.0,13.6,36.8,8.0,34.0,58.0,18.0,0.0,1.0
193,586,90.1,108.0,529.8,12.5,21.2,51.0,8.9,0.0,1.0
194,63,92.9,137.0,706.4,9.2,21.5,15.0,0.9,0.0,1.0
195,435,92.9,133.3,699.6,9.2,24.3,25.0,4.0,0.0,1.0
196,412,91.0,276.3,825.1,7.1,21.9,43.0,4.0,0.0,1.0
197,323,92.1,99.0,745.3,9.6,19.8,47.0,2.7,0.0,1.0
198,308,90.1,82.9,735.7,6.2,18.3,45.0,2.2,0.0,1.0
199,332,87.1,291.3,860.6,4.0,17.0,67.0,4.9,0.0,1.0
200,382,79.2,37.0,166.0,2.1,35.0,56.0,14.0,0.4,0.0
201,430,85.8,45.6,190.6,4.7,31.0,78.0,18.0,0.0,1.0
202,299,93.7,17.1,32.1,17.2,39.0,33.0,17.0,0.0,1.0
203,447,47.1,2.5,7.1,0.3,26.0,82.0,22.0,13.1,0.0
204,87,92.0,203.2,664.5,8.1,10.4,75.0,0.9,0.0,0.0
205,582,96.1,181.1,671.2,14.3,21.6,65.0,4.9,0.8,0.0
206,253,80.2,20.7,149.2,2.7,35.0,53.0,17.0,0.5,1.0
207,237,84.7,15.5,45.1,4.3,35.0,42.0,15.0,0.3,1.0
208,466,93.7,231.1,715.1,8.4,23.6,53.0,4.0,0.0,1.0
209,242,92.2,102.3,751.5,8.4,24.1,27.0,3.1,0.0,0.0
210,324,92.2,102.3,751.5,8.4,19.7,35.0,1.8,0.0,0.0
211,552,90.7,136.9,822.8,6.8,12.9,39.0,2.7,0.0,1.0
212,496,91.0,65.9,177.3,10.0,36.0,54.0,14.0,0.0,1.0
213,128,61.3,11.9,28.1,0.6,26.0,49.0,6.0,2.0,0.0
214,559,95.2,217.7,690.0,18.0,23.4,49.0,5.4,0.0,1.0
215,29,63.5,70.8,665.3,0.8,22.6,38.0,3.6,0.0,1.0
216,235,90.1,68.6,355.2,7.2,24.8,29.0,2.2,0.0,1.0
217,507,66.6,7.7,9.2,1.1,32.0,68.0,14.0,1.4,0.0
218,77,92.4,96.2,739.4,8.6,19.2,24.0,4.9,0.0,1.0
219,330,65.5,4.6,8.3,0.9,33.0,62.0,10.0,8.7,0.0
220,171,80.0,9.7,40.4,2.8,35.0,64.0,18.0,0.2,0.0
221,101,89.3,12.5,41.3,7.8,29.0,57.0,14.0,0.0,1.0
222,195,95.1,141.3,605.8,17.7,19.4,71.0,7.6,0.0,1.0
223,46,91.2,94.3,744.4,8.4,22.3,48.0,4.0,0.0,1.0
224,372,93.7,101.3,423.4,14.7,26.1,45.0,4.0,0.0,1.0
225,595,91.6,104.2,474.9,9.0,24.3,30.0,1.8,0.0,0.0
226,315,60.2,3.8,8.0,0.8,31.0,72.0,14.0,0.2,0.0
227,155,94.2,22.5,46.3,16.6,40.0,31.0,15.0,0.0,1.0
228,165,91.0,166.9,752.6,7.1,21.1,71.0,7.6,1.4,1.0
229,344,85.3,10.0,17.0,4.9,35.0,68.0,16.0,0.0,1.0
230,480,91.8,175.1,700.7,13.8,21.9,73.0,7.6,1.0,0.0
231,187,92.5,122.0,789.7,10.2,21.1,39.0,2.2,0.0,1.0
232,409,90.1,39.7,86.6,6.2,13.2,40.0,5.4,0.0,1.0
233,91,92.1,152.6,658.2,14.3,20.1,58.0,4.5,0.0,1.0
234,402,89.1,33.5,151.3,9.9,36.0,55.0,18.0,0.0,1.0
235,17,90.2,99.6,631.2,6.3,16.2,59.0,3.1,0.0,1.0
236,69,85.4,28.5,136.0,4.7,31.0,79.0,15.0,0.0,1.0
237,228,89.9,32.7,71.0,9.5,36.0,50.0,16.0,0.0,1.0
238,331,40.9,1.3,7.5,0.1,25.0,86.0,21.0,4.6,0.0
239,303,91.1,91.3,738.1,7.2,19.1,46.0,2.2,0.0,1.0
240,449,91.2,94.3,744.4,8.4,15.4,57.0,4.9,0.0,1.0
241,217,88.2,96.2,229.0,4.7,14.3,79.0,4.0,0.0,1.0
242,305,91.6,108.4,764.0,6.2,22.7,35.0,2.2,0.0,1.0
243,104,52.9,7.9,38.8,0.4,25.0,88.0,13.0,0.2,0.0
244,20,92.5,121.1,674.4,8.6,17.7,25.0,3.1,0.0,1.0
245,32,93.6,97.9,542.0,14.4,28.3,32.0,4.0,0.0,1.0
246,264,91.8,170.9,692.3,13.7,23.7,40.0,1.8,0.0,1.0
247,13,93.0,18.4,41.5,15.5,39.0,21.0,17.0,0.4,1.0
248,420,93.9,21.2,59.2,14.2,33.0,26.0,13.0,0.0,1.0
249,53,92.1,99.0,745.3,9.6,20.8,35.0,4.9,0.0,1.0
250,38,55.7,2.4,8.3,0.8,27.0,75.0,19.0,1.2,0.0
251,390,36.1,1.7,7.6,0.0,29.0,89.0,13.0,0.7,0.0
252,503,92.1,207.0,672.6,8.2,26.8,35.0,1.3,0.0,1.0
253,109,94.0,47.9,100.7,10.7,17.3,80.0,4.5,0.0,0.0
254,289,81.9,3.0,7.9,3.5,13.4,75.0,1.8,0.0,0.0
255,570,90.3,290.0,855.3,7.4,10.3,78.0,4.0,0.0,1.0
256,11,91.4,142.4,601.4,10.6,20.1,39.0,5.4,0.0,1.0
257,374,87.6,7.9,17.8,6.8,33.0,48.0,16.0,0.0,1.0
258,186,86.5,24.4,117.8,5.6,33.0,76.0,15.0,0.0,1.0
259,444,64.8,3.0,14.2,1.2,27.0,77.0,16.0,0.0,0.0
260,94,85.8,48.3,313.4,3.9,18.0,42.0,2.7,0.0,1.0
261,396,77.1,6.0,17.6,1.8,32.0,60.0,14.0,0.2,0.0
262,183,90.7,44.0,92.4,5.5,11.5,60.0,4.0,0.0,1.0
263,292,90.9,18.9,30.6,8.0,8.7,51.0,5.8,0.0,0.0
264,320,90.6,269.8,811.2,5.5,22.2,45.0,3.6,0.0,0.0
265,283,42.6,1.2,7.5,0.1,25.0,78.0,15.0,3.8,0.0
266,456,96.2,175.5,661.8,16.8,23.9,42.0,2.2,0.0,0.0
267,325,91.9,109.2,565.5,8.0,21.4,38.0,2.7,0.0,1.0
268,493,94.9,130.3,587.1,14.1,31.0,27.0,5.4,0.0,0.0
269,578,89.6,25.4,73.7,5.7,18.0,40.0,4.0,0.0,1.0
270,589,79.5,3.6,15.3,1.8,4.6,59.0,0.9,0.0,1.0
271,508,91.6,108.4,764.0,6.2,19.3,44.0,2.2,0.0,1.0
272,257,91.6,248.4,753.8,6.3,16.6,59.0,2.7,0.0,0.0
273,278,91.2,124.4,795.3,8.5,17.1,41.0,2.2,0.0,1.0
274,441,86.7,14.2,63.8,5.7,31.0,64.0,15.0,0.0,1.0
275,468,89.5,41.1,127.5,8.0,37.0,53.0,14.0,0.0,1.0
276,603,86.6,12.1,38.3,5.6,30.0,73.0,15.0,0.0,1.0
277,163,95.1,141.3,605.8,17.7,20.6,58.0,1.3,0.0,0.0
278,352,91.7,35.8,80.8,7.8,17.0,27.0,4.9,0.0,1.0
279,97,87.6,52.2,103.8,5.0,11.0,46.0,5.8,0.0,1.0
280,471,92.1,152.6,658.2,14.3,21.8,56.0,3.1,0.0,1.0
281,133,87.0,10.9,37.0,5.6,32.0,63.0,14.0,0.0,1.0
282,62,50.4,46.2,706.6,0.4,12.2,78.0,6.3,0.0,0.0
283,395,90.4,89.5,290.8,6.4,14.3,46.0,1.8,0.0,1.0
284,392,86.8,11.1,29.7,5.2,34.0,65.0,13.0,0.0,1.0
285,362,84.6,3.2,43.6,3.3,8.2,53.0,9.4,0.0,1.0
286,254,93.7,102.2,550.3,14.6,22.1,54.0,7.6,0.0,1.0
287,427,90.2,18.5,41.1,7.3,11.2,41.0,5.4,0.0,1.0
288,172,87.4,14.8,57.0,6.9,35.0,59.0,17.0,0.0,1.0
289,432,85.4,25.4,349.7,2.6,4.6,21.0,8.5,0.0,1.0
290,558,87.5,77.0,694.8,5.0,22.3,46.0,4.0,0.0,0.0
291,232,91.6,104.2,474.9,9.0,25.3,39.0,0.9,0.0,1.0
292,76,92.1,152.6,658.2,14.3,23.7,24.0,3.1,0.0,0.0
293,249,91.9,133.6,520.5,8.0,14.2,58.0,4.0,0.0,0.0
294,488,89.2,17.1,98.6,10.0,36.0,53.0,19.0,0.0,1.0
295,310,93.1,157.3,666.7,13.5,21.7,40.0,0.4,0.0,1.0
296,410,93.4,145.4,721.4,8.1,29.6,27.0,2.7,0.0,1.0
297,408,92.1,111.2,654.1,9.6,20.5,35.0,4.0,0.0,1.0
298,132,92.1,99.0,745.3,9.6,10.1,75.0,3.6,0.0,0.0
299,205,92.3,88.8,440.9,8.5,17.1,67.0,3.6,0.0,1.0
300,516,84.2,8.3,25.2,3.8,31.0,72.0,14.0,0.0,1.0
301,42,89.4,253.6,768.4,9.7,14.2,73.0,2.7,0.0,0.0
302,527,77.5,8.0,9.5,2.0,34.0,51.0,16.0,3.8,0.0
303,419,86.1,23.9,51.6,5.2,33.0,68.0,15.0,0.0,1.0
304,565,91.5,238.2,730.6,7.5,17.7,65.0,4.0,0.0,0.0
305,532,78.3,4.4,10.5,2.0,38.0,52.0,14.0,0.0,0.0
306,204,90.1,54.2,220.4,12.5,35.0,48.0,18.0,0.0,1.0
307,524,85.1,28.0,113.8,3.5,11.3,94.0,4.9,0.0,0.0
308,114,91.0,166.9,752.6,7.1,25.9,41.0,3.6,0.0,0.0
309,378,92.2,102.3,751.5,8.4,23.5,27.0,4.0,0.0,1.0
310,271,96.0,127.1,570.5,16.5,23.4,33.0,4.5,0.0,1.0
311,260,89.4,9.8,33.1,6.8,32.0,49.0,11.0,0.0,1.0
312,547,94.3,85.1,692.3,15.9,20.1,47.0,4.9,0.0,1.0
313,519,91.6,100.2,466.3,6.3,22.9,40.0,1.3,0.0,1.0
314,177,92.0,22.6,65.1,9.5,40.0,41.0,10.0,0.1,1.0
315,461,91.9,111.7,770.3,6.5,19.6,45.0,3.1,0.0,1.0
316,530,91.0,129.5,692.6,7.0,13.9,59.0,6.3,0.0,1.0
317,59,93.9,39.6,80.6,18.5,36.0,29.0,18.0,0.0,1.0
318,436,92.1,99.0,745.3,9.6,18.7,50.0,2.2,0.0,1.0
319,411,95.2,217.7,690.0,18.0,30.8,19.0,4.5,0.0,0.0
320,534,79.5,3.0,106.7,1.1,11.8,31.0,4.5,0.0,0.0
321,64,89.3,16.0,100.7,9.7,37.0,52.0,18.0,0.0,1.0
322,279,92.4,105.8,758.1,9.9,16.0,45.0,1.8,0.0,0.0
323,377,93.3,141.2,713.9,13.9,18.6,49.0,3.6,0.0,1.0
324,416,88.9,23.8,57.1,8.2,36.0,56.0,16.0,0.0,1.0
325,158,92.5,25.2,63.3,11.2,34.0,44.0,12.0,0.0,1.0
326,28,81.6,56.7,665.6,1.9,27.8,35.0,2.7,0.0,0.0
327,37,91.6,104.2,474.9,9.0,22.1,49.0,2.7,0.0,0.0
328,230,90.6,25.8,77.8,9.0,36.0,33.0,13.0,0.1,1.0
329,85,84.1,4.6,46.7,2.2,5.3,68.0,1.8,0.0,0.0
330,505,95.2,131.7,578.8,10.4,20.7,45.0,2.2,0.0,1.0
331,9,91.9,111.7,770.3,6.5,21.1,35.0,2.7,0.0,1.0
332,258,93.4,145.4,721.4,8.1,28.6,27.0,2.2,0.0,1.0
333,126,88.9,263.1,795.9,5.2,29.3,27.0,3.6,0.0,1.0
334,520,92.1,99.0,745.3,9.6,10.1,75.0,3.6,0.0,1.0
335,318,86.2,8.3,18.4,5.0,32.0,55.0,14.0,0.0,1.0
336,238,85.0,9.0,56.9,3.5,10.1,62.0,1.8,0.0,1.0
337,191,90.1,39.7,86.6,6.2,16.1,29.0,3.1,0.0,1.0
338,429,87.0,21.7,94.7,5.7,33.0,66.0,14.0,0.0,1.0
339,581,86.6,26.7,127.0,5.6,32.0,73.0,15.0,0.0,1.0
340,348,92.1,99.0,745.3,9.6,17.4,57.0,4.5,0.0,0.0
341,422,88.8,147.3,614.5,9.0,14.4,66.0,5.4,0.0,1.0
342,473,82.8,9.4,34.1,3.2,29.0,70.0,14.0,0.0,1.0
343,117,84.7,26.7,352.6,4.1,2.2,59.0,4.9,0.0,1.0
344,414,80.0,11.8,28.3,2.8,29.0,87.0,18.0,0.0,0.0
345,403,89.7,90.0,704.4,4.8,17.8,67.0,2.2,0.0,1.0
346,440,94.3,35.9,86.8,16.0,37.0,37.0,14.0,0.0,1.0
347,276,92.1,207.0,672.6,8.2,21.1,54.0,2.2,0.0,0.0
348,606,94.8,108.3,647.1,17.0,24.6,22.0,4.5,0.0,1.0
349,291,62.2,3.9,8.0,1.1,31.0,69.0,17.0,4.7,0.0
350,333,91.6,248.4,753.8,6.3,16.8,56.0,3.1,0.0,0.0
351,34,91.5,130.1,807.1,7.5,12.2,66.0,4.9,0.0,1.0
352,54,84.9,27.5,353.5,3.4,4.2,51.0,4.0,0.0,0.0
353,347,90.1,39.7,86.6,6.2,15.2,27.0,3.1,0.0,1.0
354,388,84.6,21.1,42.3,4.7,32.0,81.0,17.0,0.0,1.0
355,321,88.3,16.9,45.1,7.5,35.0,34.0,16.0,0.2,1.0
356,227,91.6,181.3,613.0,7.6,24.6,44.0,4.0,0.0,1.0
357,593,93.9,135.7,586.7,15.1,20.8,34.0,4.9,0.0,1.0
358,247,62.0,2.6,8.4,1.1,30.0,73.0,17.0,0.9,0.0
359,492,95.8,152.0,624.1,13.8,32.4,21.0,4.5,0.0,0.0
360,103,52.5,8.7,8.7,0.6,28.0,80.0,21.0,16.8,0.0
361,285,96.1,181.1,671.2,14.3,33.3,26.0,2.7,0.0,1.0
362,484,85.9,7.6,27.9,4.8,33.0,66.0,14.0,0.0,1.0
363,220,85.9,11.2,55.8,5.6,32.0,66.0,17.0,0.0,1.0
364,443,96.0,164.0,643.0,14.0,30.8,30.0,4.9,0.0,1.0
365,18,88.3,150.3,309.9,6.8,13.4,79.0,3.6,0.0,1.0
366,545,90.6,43.7,686.9,6.7,18.4,25.0,3.1,0.0,1.0
367,327,90.6,50.1,100.4,7.8,15.1,64.0,4.0,0.0,1.0
368,393,90.2,96.9,624.2,8.9,20.3,39.0,4.9,0.0,1.0
369,500,88.9,18.6,67.0,7.4,35.0,55.0,14.0,0.0,1.0
370,14,91.0,276.3,825.1,7.1,13.8,77.0,7.6,0.0,1.0
371,397,95.2,131.7,578.8,10.4,24.2,28.0,2.7,0.0,1.0
372,445,89.4,266.2,803.3,5.6,17.4,54.0,3.1,0.0,0.0
373,181,49.4,3.0,7.4,0.4,28.0,80.0,17.0,3.1,0.0
374,153,92.2,91.6,503.6,9.6,20.7,70.0,2.2,0.0,1.0
375,61,66.6,6.0,9.3,1.1,33.0,69.0,13.0,0.7,0.0
376,469,95.2,217.7,690.0,18.0,28.2,29.0,1.8,0.0,1.0
377,514,88.1,19.5,47.2,7.4,34.0,59.0,16.0,0.0,1.0
378,26,93.2,114.4,560.0,9.5,30.2,22.0,4.9,0.0,0.0
379,252,78.0,5.8,10.0,1.7,35.0,55.0,12.0,0.4,0.0
380,341,56.1,2.1,8.4,0.7,30.0,77.0,15.0,1.0,0.0
381,512,93.7,121.7,350.2,18.0,22.7,40.0,9.4,0.0,1.0
382,454,92.4,117.9,668.0,12.2,19.0,34.0,5.8,0.0,1.0
383,385,86.8,17.8,71.8,6.7,31.0,64.0,18.0,0.0,1.0
384,451,53.4,6.4,7.3,0.5,27.0,79.0,16.0,0.7,0.0
385,338,44.9,0.9,7.3,0.2,24.0,82.0,15.0,0.4,0.0
386,213,89.6,84.1,714.3,5.7,17.1,53.0,5.4,0.0,1.0
387,208,82.6,5.8,22.2,3.1,31.0,67.0,14.0,0.0,1.0
388,602,91.6,108.4,764.0,6.2,18.0,51.0,5.4,0.0,0.0
389,371,96.0,30.3,76.4,15.7,42.0,24.0,9.0,0.0,1.0
390,301,92.6,115.4,777.1,8.8,24.3,27.0,4.9,0.0,0.0
391,223,91.2,94.3,744.4,8.4,16.8,47.0,4.9,0.0,1.0
392,617,47.4,4.2,8.0,0.2,29.0,87.0,15.0,0.4,0.0
393,464,92.1,99.0,745.3,9.6,20.6,43.0,3.6,0.0,1.0
394,188,86.8,15.6,48.3,3.9,12.4,53.0,2.2,0.0,1.0
395,203,90.5,61.1,252.6,9.4,24.5,50.0,3.1,0.0,1.0
396,369,73.5,4.1,26.6,1.5,30.0,66.0,15.0,0.2,0.0
397,236,93.4,15.0,25.6,11.4,15.2,19.0,7.6,0.0,0.0
398,349,85.4,12.1,43.1,4.6,31.0,68.0,14.0,0.0,1.0
399,125,92.4,96.2,739.4,8.6,18.6,24.0,5.8,0.0,0.0
400,490,90.8,41.9,89.4,7.9,13.3,42.0,0.9,0.0,1.0
401,553,81.5,9.1,55.2,2.7,5.8,54.0,5.8,0.0,1.0
402,31,91.7,191.4,635.9,7.8,26.2,36.0,4.5,0.0,1.0
403,149,90.2,99.6,631.2,6.3,19.2,44.0,2.7,0.0,1.0
404,538,48.6,3.0,7.7,0.4,26.0,81.0,21.0,5.8,0.0
405,554,55.7,2.7,7.8,0.6,30.0,73.0,13.0,4.0,0.0
406,607,81.6,56.7,665.6,1.9,21.9,71.0,5.8,0.0,1.0
407,309,89.1,27.8,168.2,9.8,30.0,59.0,19.0,0.0,1.0
408,574,78.1,3.2,15.7,1.9,30.0,65.0,14.0,0.0,0.0
409,567,89.4,20.0,110.9,9.7,36.0,54.0,18.0,0.0,1.0
410,605,91.1,132.3,812.1,12.5,15.9,38.0,5.4,0.0,1.0
411,229,88.0,17.2,43.5,3.8,15.2,51.0,2.7,0.0,0.0
412,387,92.2,102.3,751.5,8.4,24.2,27.0,3.1,0.0,0.0
413,373,83.7,34.4,107.0,3.8,36.0,81.0,15.0,0.0,1.0
414,350,87.4,11.2,20.2,5.2,37.0,56.0,11.0,0.0,1.0
415,458,95.5,99.9,513.3,13.2,23.8,32.0,5.4,0.0,1.0
416,145,86.0,12.8,25.6,5.4,34.0,70.0,16.0,0.0,1.0
417,381,95.2,131.7,578.8,10.4,20.3,41.0,4.0,0.0,1.0
418,93,89.7,287.2,849.3,6.8,19.4,45.0,3.6,0.0,0.0
419,47,93.7,80.9,685.2,17.9,23.2,26.0,4.9,0.0,1.0
420,448,85.7,8.3,24.9,4.0,31.0,66.0,11.0,0.0,1.0
421,465,85.0,8.2,19.8,4.0,34.0,69.0,13.0,0.0,1.0
422,10,83.9,8.7,32.1,2.1,8.8,68.0,2.2,0.0,1.0
423,367,85.4,25.4,349.7,2.6,5.1,24.0,8.5,0.0,1.0
424,297,91.7,48.5,696.1,11.1,16.8,45.0,4.5,0.0,1.0
425,351,89.3,51.3,102.2,9.6,11.5,39.0,5.8,0.0,1.0
426,7,86.5,15.5,48.6,5.5,32.0,69.0,16.0,0.0,1.0
427,144,88.1,12.0,52.8,7.7,35.0,59.0,17.0,0.0,1.0
428,452,92.4,105.8,758.1,9.9,24.9,27.0,2.2,0.0,0.0
429,174,79.7,12.0,8.5,2.2,34.0,42.0,15.0,1.7,0.0
430,533,90.4,93.3,298.1,7.5,19.1,39.0,5.4,0.0,1.0
431,363,91.6,181.3,613.0,7.6,20.9,50.0,2.2,0.0,1.0
432,353,92.2,23.6,97.3,13.8,35.0,34.0,17.0,0.0,1.0
433,375,92.5,122.0,789.7,10.2,17.3,45.0,4.0,0.0,1.0
434,610,83.7,8.4,26.3,3.1,35.0,54.0,11.0,0.1,1.0
435,475,92.0,203.2,664.5,8.1,24.9,42.0,5.4,0.0,1.0
436,111,93.1,180.4,430.8,11.0,26.9,28.0,5.4,0.0,1.0
437,540,91.6,273.8,819.1,7.7,15.5,72.0,8.0,0.0,1.0
438,569,87.3,46.6,99.0,6.9,31.0,71.0,17.0,0.0,1.0
439,498,92.4,105.8,758.1,9.9,25.3,27.0,2.7,0.0,0.0
440,619,28.6,1.3,6.9,0.0,25.0,89.0,13.0,2.5,0.0
441,169,73.8,11.7,15.9,1.1,39.0,64.0,9.0,1.2,0.0
442,23,90.7,80.9,368.3,16.8,14.8,78.0,8.0,0.0,0.0
443,622,90.6,18.2,30.5,13.4,31.0,42.0,21.0,0.0,1.0
444,156,91.6,181.3,613.0,7.6,19.3,61.0,4.9,0.0,0.0
445,251,88.7,22.9,92.8,7.2,33.0,50.0,14.0,0.0,1.0
446,604,89.2,24.8,159.1,8.1,34.0,49.0,15.0,0.0,1.0
447,140,66.1,4.0,8.4,1.0,30.0,58.0,12.0,4.1,0.0
448,579,88.1,53.3,726.9,5.4,13.7,56.0,1.8,0.0,1.0
449,489,91.1,91.3,738.1,7.2,20.7,46.0,2.7,0.0,1.0
450,39,92.2,81.8,480.8,11.9,16.4,43.0,4.0,0.0,1.0
451,168,87.5,15.7,37.6,6.7,33.0,57.0,16.0,0.0,1.0
452,80,90.8,84.7,376.6,5.6,23.8,51.0,1.8,0.0,0.0
453,134,64.5,3.3,9.1,1.0,34.0,71.0,14.0,6.5,0.0
454,481,73.7,7.9,30.4,1.2,32.0,54.0,11.0,0.5,0.0
455,4,89.4,23.2,120.9,9.7,35.0,62.0,19.0,0.0,1.0
456,210,92.8,119.0,783.5,7.5,16.8,28.0,4.0,0.0,1.0
457,215,89.3,28.3,67.2,8.3,37.0,55.0,15.0,0.0,1.0
458,67,91.5,130.1,807.1,7.5,20.6,37.0,1.8,0.0,0.0
459,486,72.8,20.9,56.6,1.6,33.0,63.0,17.0,1.1,0.0
460,88,93.9,135.7,586.7,15.1,23.5,36.0,5.4,0.0,1.0
461,544,85.6,12.5,49.8,6.0,33.0,68.0,19.0,0.0,1.0
462,8,91.9,111.7,770.3,6.5,15.9,53.0,2.2,0.0,1.0
463,255,94.8,227.0,706.7,12.0,23.3,34.0,3.1,0.0,0.0
464,175,81.6,56.7,665.6,1.9,21.2,70.0,6.7,0.0,1.0
465,121,93.7,231.1,715.1,8.4,25.9,32.0,3.1,0.0,0.0
466,154,47.4,1.1,7.0,0.4,22.0,76.0,26.0,8.3,0.0
467,479,91.1,132.3,812.1,12.5,16.4,27.0,3.6,0.0,0.0
468,142,58.5,1.9,8.4,1.1,30.0,77.0,21.0,1.8,0.0
469,123,90.5,96.7,750.5,11.4,20.4,55.0,4.9,0.0,1.0
470,531,92.4,124.1,680.7,8.5,23.9,32.0,6.7,0.0,1.0
471,551,91.7,48.5,696.1,11.1,16.1,44.0,4.0,0.0,1.0
472,580,92.0,203.2,664.5,8.1,19.1,70.0,2.2,0.0,0.0
473,355,89.4,13.3,22.5,8.4,30.0,41.0,15.0,0.0,1.0
474,495,89.3,15.8,35.4,8.2,39.0,39.0,15.0,0.2,1.0
475,224,87.8,16.5,57.9,5.4,31.0,55.0,11.0,0.0,1.0
476,262,93.7,231.1,715.1,8.4,18.9,64.0,4.9,0.0,1.0
477,6,93.0,103.8,316.7,10.8,26.4,35.0,2.7,0.0,1.0
478,521,93.5,139.4,594.2,20.3,22.9,31.0,7.2,0.0,1.0
479,234,91.0,129.5,692.6,7.0,18.7,43.0,2.7,0.0,1.0
480,386,94.2,117.2,581.1,11.0,23.9,41.0,2.2,0.0,1.0
481,437,93.3,10.8,21.4,13.8,40.0,34.0,14.0,0.0,1.0
482,433,83.9,16.9,54.2,3.5,35.0,46.0,13.0,0.3,1.0
483,618,93.5,149.3,728.6,8.1,28.3,26.0,3.1,0.0,1.0
484,342,94.5,139.4,689.1,20.0,29.2,30.0,4.9,0.0,1.0
485,202,95.0,135.5,596.3,21.3,30.6,28.0,3.6,0.0,1.0
486,294,87.0,19.0,85.1,5.9,35.0,63.0,15.0,0.0,1.0
487,620,94.5,139.4,689.1,20.0,28.9,29.0,4.9,0.0,1.0
488,515,91.0,129.5,692.6,7.0,17.6,46.0,3.1,0.0,1.0
489,584,90.1,82.9,735.7,6.2,15.4,57.0,4.5,0.0,1.0
490,222,46.0,1.3,7.5,0.2,25.0,76.0,17.0,7.2,0.0
491,170,75.1,4.4,16.2,1.9,4.6,82.0,6.3,0.0,1.0
492,2,84.9,18.2,55.0,3.0,5.3,70.0,4.5,0.0,1.0
493,541,94.3,131.7,607.1,22.7,19.4,55.0,4.0,0.0,1.0
494,41,91.6,273.8,819.1,7.7,21.3,44.0,4.5,0.0,1.0
495,3,79.9,13.8,36.1,2.4,28.0,70.0,15.0,0.0,0.0
496,359,79.5,18.7,88.0,2.1,34.0,58.0,13.0,0.2,0.0
497,368,93.7,231.1,715.1,8.4,18.9,64.0,4.9,0.0,0.0
498,616,91.0,14.6,25.6,12.3,17.6,27.0,5.8,0.0,0.0
499,518,59.5,4.7,8.2,0.8,29.0,74.0,15.0,1.1,0.0
500,404,90.5,96.7,750.5,11.4,20.6,55.0,5.4,0.0,1.0
501,21,92.3,92.1,442.1,9.8,22.8,27.0,4.5,0.0,1.0
502,27,91.6,181.3,613.0,7.6,24.3,33.0,3.6,0.0,1.0
503,36,84.0,13.8,61.4,4.8,26.0,81.0,19.0,0.0,1.0
504,329,92.4,124.1,680.7,8.5,16.9,60.0,1.3,0.0,1.0
505,439,91.6,112.4,573.0,8.9,11.2,84.0,7.6,0.0,1.0
506,446,94.6,212.1,680.9,9.5,27.9,27.0,2.2,0.0,0.0
507,322,18.7,1.1,171.4,0.0,5.2,100.0,0.9,0.0,0.0
508,573,94.8,108.3,647.1,17.0,16.4,47.0,1.3,0.0,1.0
509,555,91.0,166.9,752.6,7.1,18.2,62.0,5.4,0.0,1.0
510,302,84.6,26.4,352.0,2.0,5.1,61.0,4.9,0.0,1.0
511,22,75.4,2.9,16.3,2.0,28.0,67.0,19.0,0.0,0.0
512,198,91.8,175.1,700.7,13.8,25.7,39.0,5.4,0.0,1.0
513,434,79.4,5.2,15.4,2.2,30.0,64.0,14.0,0.0,0.0
514,107,76.6,5.7,10.0,1.7,35.0,63.0,14.0,0.3,0.0
515,399,93.7,101.3,423.4,14.7,18.2,82.0,4.5,0.0,1.0
516,510,90.3,290.0,855.3,7.4,16.2,58.0,3.6,0.0,0.0
517,184,68.2,10.5,71.3,1.8,27.0,66.0,22.0,0.4,0.0
518,366,84.7,9.5,58.3,4.1,7.5,71.0,6.3,0.0,1.0
519,245,94.3,85.1,692.3,15.9,20.1,47.0,4.9,0.0,1.0
520,152,88.3,25.9,130.6,8.8,35.0,68.0,19.0,0.0,1.0
521,212,89.0,29.4,115.6,7.5,35.0,56.0,14.0,0.0,1.0
522,75,82.0,6.0,16.3,2.5,31.0,54.0,11.0,0.0,0.0
523,270,71.0,2.6,16.6,1.2,29.0,88.0,13.0,0.0,0.0
524,241,95.1,141.3,605.8,17.7,24.1,43.0,6.3,0.0,1.0
525,78,77.1,11.3,47.0,2.2,32.0,60.0,18.0,0.3,0.0
526,384,93.7,231.1,715.1,8.4,26.9,31.0,3.6,0.0,1.0
527,499,89.6,84.1,714.3,5.7,19.0,52.0,2.2,0.0,0.0
528,233,85.6,9.9,28.9,5.4,35.0,44.0,17.0,0.2,1.0
529,345,84.4,73.4,671.9,3.2,24.3,36.0,3.1,0.0,1.0
530,33,75.8,3.6,32.2,2.1,29.0,74.0,19.0,0.1,0.0
531,193,92.4,105.8,758.1,9.9,24.8,28.0,1.8,0.0,1.0
532,560,88.9,21.3,37.8,8.7,27.0,58.0,17.0,0.0,1.0
533,424,93.6,235.1,723.1,10.1,20.9,66.0,4.9,0.0,1.0
534,160,81.6,56.7,665.6,1.9,27.8,32.0,2.7,0.0,1.0
535,84,95.9,158.0,633.6,11.3,27.5,29.0,4.5,0.0,1.0
536,127,91.1,94.1,232.1,7.1,19.2,38.0,4.5,0.0,0.0
537,290,96.1,181.1,671.2,14.3,32.3,27.0,2.2,0.0,1.0
538,105,84.4,73.4,671.9,3.2,24.2,28.0,3.6,0.0,1.0
539,25,88.1,27.8,61.1,7.3,34.0,58.0,16.0,0.0,1.0
540,166,91.0,276.3,825.1,7.1,14.5,76.0,7.6,0.0,1.0
541,615,84.6,12.6,41.5,4.3,28.0,81.0,15.0,0.0,1.0
542,71,86.9,6.6,18.7,3.2,8.8,35.0,3.1,0.0,1.0
543,116,88.9,12.9,14.69,12.5,37.0,37.0,18.0,0.2,1.0
544,239,92.1,207.0,672.6,8.2,27.9,33.0,2.2,0.0,1.0
545,218,48.7,2.2,7.6,0.3,29.0,80.0,14.0,2.0,0.0
546,360,96.1,181.1,671.2,14.3,20.7,69.0,4.9,0.4,0.0
547,207,79.1,7.0,39.5,2.4,31.0,67.0,17.0,0.1,0.0
548,614,63.7,3.2,8.5,1.2,28.0,58.0,18.0,2.2,0.0
549,476,91.2,183.1,437.7,12.5,12.6,90.0,7.6,0.2,0.0
550,517,94.2,117.2,581.1,11.0,21.4,44.0,2.7,0.0,1.0
551,313,91.0,276.3,825.1,7.1,13.8,77.0,7.6,0.0,0.0
552,462,91.1,88.2,731.7,8.3,22.8,46.0,4.0,0.0,1.0
553,611,86.4,13.0,39.1,5.2,32.0,75.0,14.0,0.0,1.0
554,596,90.4,93.3,298.1,7.5,20.7,25.0,4.9,0.0,0.0
555,266,91.3,20.6,43.5,8.5,13.3,27.0,3.6,0.0,1.0
556,200,95.9,158.0,633.6,11.3,32.4,27.0,2.2,0.0,0.0
557,314,82.7,32.7,96.8,3.3,35.0,66.0,15.0,0.1,1.0
558,185,78.3,8.1,8.3,1.9,33.0,46.0,14.0,1.1,0.0
559,219,93.5,85.3,395.0,9.9,27.2,28.0,1.3,0.0,1.0
560,159,91.6,248.4,753.8,6.3,20.5,58.0,2.7,0.0,1.0
561,293,94.9,130.3,587.1,14.1,33.1,25.0,4.0,0.0,1.0
562,438,92.1,56.3,157.5,14.3,34.0,40.0,18.0,0.0,1.0
563,413,93.5,139.4,594.2,20.3,5.1,96.0,5.8,0.0,1.0
564,176,90.5,18.7,46.4,11.3,34.0,45.0,18.0,0.0,1.0
565,284,87.7,6.4,24.3,6.2,31.0,52.0,14.0,0.0,1.0
566,536,70.5,11.0,9.1,1.3,30.0,54.0,14.0,3.1,0.0
567,470,91.0,166.9,752.6,7.1,18.5,73.0,8.5,0.0,0.0
568,577,72.7,25.2,180.4,1.7,35.0,70.0,17.0,0.8,0.0
569,450,92.8,119.0,783.5,7.5,21.6,27.0,2.2,0.0,0.0
570,406,66.8,7.2,14.7,1.2,28.0,90.0,15.0,0.0,0.0
571,543,91.4,37.9,673.8,5.2,20.2,37.0,2.7,0.0,1.0
572,337,91.6,108.4,764.0,6.2,20.4,41.0,1.8,0.0,1.0
573,246,74.2,7.0,8.3,1.6,33.0,59.0,16.0,0.8,0.0
574,594,91.2,147.8,377.2,12.7,19.6,43.0,4.9,0.0,0.0
575,225,92.5,121.1,674.4,8.6,17.8,56.0,1.8,0.0,1.0
576,280,72.6,7.0,25.5,0.7,28.0,76.0,21.0,0.0,0.0
577,15,87.9,24.9,41.6,3.7,10.9,64.0,3.1,0.0,1.0
578,453,84.0,27.8,354.6,5.3,5.1,61.0,8.0,0.0,1.0
579,376,73.2,9.5,46.3,1.3,28.0,79.0,12.0,0.0,0.0
580,525,92.1,111.2,654.1,9.6,16.6,47.0,0.9,0.0,1.0
581,361,92.2,102.3,751.5,8.4,24.2,27.0,3.1,0.0,1.0
582,89,88.2,55.2,732.3,11.6,15.2,64.0,3.1,0.0,1.0
583,483,91.5,130.1,807.1,7.5,16.8,43.0,3.1,0.0,1.0
584,265,89.2,103.9,431.6,6.4,22.6,57.0,4.9,0.0,1.0
585,590,68.4,1.9,15.7,1.4,29.0,73.0,17.0,0.1,0.0
586,317,91.6,108.4,764.0,6.2,9.8,86.0,1.8,0.0,0.0
587,118,90.2,96.9,624.2,8.9,14.2,53.0,1.8,0.0,1.0
588,100,93.2,114.4,560.0,9.5,30.2,25.0,4.5,0.0,1.0
589,528,94.8,222.4,698.6,13.9,20.3,42.0,2.7,0.0,0.0
590,339,93.7,80.9,685.2,17.9,23.7,25.0,4.5,0.0,1.0
591,129,83.1,7.9,34.5,3.5,30.0,80.0,15.0,0.0,1.0
592,201,91.7,16.5,30.9,9.6,39.0,43.0,12.0,0.0,1.0
593,587,92.1,87.7,721.1,9.5,18.1,54.0,3.1,0.0,1.0
594,192,94.9,130.3,587.1,14.1,23.4,40.0,5.8,0.0,1.0
595,95,88.6,11.5,33.4,9.1,29.0,49.0,19.0,0.0,1.0
596,275,78.3,10.8,19.7,1.6,35.0,58.0,10.0,0.2,0.0
597,571,93.3,49.5,297.7,14.0,28.0,34.0,4.5,0.0,1.0
598,119,91.2,134.7,817.5,7.2,18.5,30.0,2.7,0.0,0.0
599,557,90.5,196.8,649.9,16.3,11.8,88.0,4.9,0.0,1.0
600,16,88.6,91.8,709.9,7.1,12.4,73.0,6.3,0.0,1.0
601,319,92.8,119.0,783.5,7.5,21.6,28.0,6.3,0.0,1.0
602,383,53.4,71.0,233.8,0.4,10.6,90.0,2.7,0.0,0.0
603,431,94.8,222.4,698.6,13.9,27.5,27.0,4.9,0.0,1.0
604,92,93.1,180.4,430.8,11.0,22.2,48.0,1.3,0.0,0.0
605,529,92.1,99.0,745.3,9.6,15.4,53.0,6.3,0.0,1.0
606,300,45.0,1.9,7.5,0.2,25.0,78.0,14.0,1.4,0.0
607,506,92.5,122.0,789.7,10.2,18.4,42.0,2.2,0.0,1.0
608,122,91.6,108.4,764.0,6.2,19.3,44.0,2.2,0.0,0.0
609,328,88.3,23.6,52.5,19.0,34.0,42.0,17.0,0.1,1.0
610,346,91.0,129.5,692.6,7.0,20.7,37.0,2.2,0.0,1.0
611,45,94.8,227.0,706.7,12.0,23.3,34.0,3.1,0.0,1.0
612,106,93.3,49.5,297.7,14.0,28.0,34.0,4.5,0.0,0.0
613,307,92.1,51.3,147.7,12.2,35.0,38.0,15.0,0.0,1.0
614,460,92.8,119.0,783.5,7.5,16.8,28.0,4.0,0.0,1.0
615,549,89.4,50.2,210.4,7.3,34.0,64.0,16.0,0.0,1.0
616,474,85.2,4.9,15.8,6.3,7.5,46.0,8.0,0.0,1.0
617,523,89.7,284.9,844.0,10.1,10.5,77.0,4.0,0.0,0.0
618,112,88.9,21.7,77.0,7.1,35.0,63.0,13.0,0.0,1.0
619,30,96.2,175.5,661.8,16.8,32.6,26.0,3.1,0.0,1.0
620,312,85.4,25.4,349.7,2.6,4.6,21.0,8.5,0.0,1.0
621,102,91.8,170.9,692.3,13.7,20.6,59.0,0.9,0.0,0.0
622,407,93.1,157.3,666.7,13.5,24.0,36.0,3.1,0.0,1.0
